City_ID,City,Country,Date,Lat,Lng,Max Temp,Humidity,Cloudiness,Wind Speed
0,Great Falls,US,2022-08-29 16:43:44,47.5002,-111.3008,72.41,35,0,11.5
1,Codrington,AU,2022-08-29 16:43:45,-38.2667,141.9667,47.75,98,100,10.58
2,Sept-Iles,CA,2022-08-29 16:43:45,50.2001,-66.3821,73.4,72,75,10.36
3,Bluff,NZ,2022-08-29 16:43:45,-46.6,168.3333,44.8,85,56,4.76
4,Port Alfred,ZA,2022-08-29 16:43:46,-33.5906,26.891,53.19,86,100,4.0
5,Albany,US,2022-08-29 16:41:15,42.6001,-73.9662,87.17,64,75,1.01
6,Busselton,AU,2022-08-29 16:43:46,-33.65,115.3333,50.29,81,29,4.14
7,Puerto Ayora,EC,2022-08-29 16:43:46,-0.7393,-90.3518,71.56,93,80,8.99
8,Luderitz,NA,2022-08-29 16:43:47,-26.6481,15.1594,63.28,46,0,22.3
9,Bordighera,IT,2022-08-29 16:43:47,43.7806,7.6645,82.69,82,13,7.0
10,Samarai,PG,2022-08-29 16:43:47,-10.6167,150.6667,79.21,84,98,12.57
11,Geraldton,AU,2022-08-29 16:43:47,-28.7667,114.6,45.01,87,0,8.05
12,Ponta Delgada,PT,2022-08-29 16:43:48,37.7333,-25.6667,74.12,78,20,12.66
13,Paita,PE,2022-08-29 16:43:48,-5.0892,-81.1144,70.7,69,33,9.93
14,Atuona,PF,2022-08-29 16:43:48,-9.8,-139.0333,76.89,66,37,20.8
15,Torbay,CA,2022-08-29 16:43:49,47.6666,-52.7314,74.88,65,100,20.71
16,Kodiak,US,2022-08-29 16:43:49,57.79,-152.4072,49.51,87,100,5.75
17,Uige,AO,2022-08-29 16:43:49,-7.6087,15.0613,75.87,60,85,3.87
18,Charters Towers,AU,2022-08-29 16:43:50,-20.1,146.2667,63.61,95,43,9.15
19,Mar Del Plata,AR,2022-08-29 16:39:28,-38.0023,-57.5575,59.95,34,0,17.27
20,Aklavik,CA,2022-08-29 16:42:20,68.2191,-135.0107,44.98,80,99,6.73
21,Thurso,GB,2022-08-29 16:43:50,58.5927,-3.5259,55.65,73,83,10.6
22,Bathsheba,BB,2022-08-29 16:43:50,13.2167,-59.5167,88.41,70,40,17.27
23,Vestmannaeyjar,IS,2022-08-29 16:43:51,63.4427,-20.2734,54.59,87,100,28.77
24,Baturaja,ID,2022-08-29 16:43:51,-4.1333,104.1667,73.08,98,100,2.42
25,Bennington,US,2022-08-29 16:40:33,42.8781,-73.1968,87.35,64,75,3.44
26,Arman,RU,2022-08-29 16:43:51,59.7,150.1667,52.02,89,100,5.86
27,Hasaki,JP,2022-08-29 16:43:52,35.7333,140.8333,68.4,90,100,15.28
28,Bredasdorp,ZA,2022-08-29 16:43:52,-34.5322,20.0403,48.81,59,16,9.82
29,Bethel,US,2022-08-29 16:43:52,41.3712,-73.414,86.36,64,75,8.05
30,Broome,US,2022-08-29 16:41:22,42.2506,-75.833,87.01,68,40,10.36
31,Victor Harbor,AU,2022-08-29 16:43:53,-35.5667,138.6167,53.01,88,56,1.99
32,Grand Island,US,2022-08-29 16:43:53,40.925,-98.342,78.58,56,0,11.5
33,Avarua,CK,2022-08-29 16:43:53,-21.2078,-159.775,66.25,100,7,2.3
34,Saskylakh,RU,2022-08-29 16:43:54,71.9167,114.0833,40.53,88,96,7.94
35,Carauari,BR,2022-08-29 16:43:54,-4.8828,-66.8958,92.68,44,70,4.27
36,Sitka,US,2022-08-29 16:43:54,57.0531,-135.33,57.09,94,100,4.61
37,Necochea,AR,2022-08-29 16:43:55,-38.5473,-58.7368,58.41,37,1,14.05
38,Thompson,CA,2022-08-29 16:40:12,55.7435,-97.8558,53.76,87,100,16.11
39,Alyangula,AU,2022-08-29 16:43:55,-13.8483,136.4192,72.48,89,0,6.64
40,Butaritari,KI,2022-08-29 16:43:55,3.0707,172.7902,81.66,75,98,15.88
41,Coahuayana,MX,2022-08-29 16:43:56,18.7333,-103.6833,88.9,59,37,4.38
42,Upernavik,GL,2022-08-29 16:43:56,72.7868,-56.1549,38.08,82,40,19.33
43,San Patricio,US,2022-08-29 16:43:56,28.017,-97.5169,89.08,54,11,11.83
44,San Jose De Rio Tinto,HN,2022-08-29 16:43:57,14.9333,-85.7,87.37,66,82,2.55
45,Ushuaia,AR,2022-08-29 16:40:59,-54.8,-68.3,44.26,81,40,2.3
46,Yellowknife,CA,2022-08-29 16:40:46,62.456,-114.3525,54.12,76,40,11.5
47,Mataura,NZ,2022-08-29 16:44:57,-46.1927,168.8643,44.47,97,25,2.13
48,Rikitea,PF,2022-08-29 16:44:57,-23.1203,-134.9692,72.37,82,74,15.5
49,Tasiilaq,GL,2022-08-29 16:44:58,65.6145,-37.6368,46.56,93,100,32.08
50,Guano,EC,2022-08-29 16:44:58,-1.5833,-78.6333,55.47,82,100,4.61
51,Kapaa,US,2022-08-29 16:43:26,22.0752,-159.319,77.32,86,75,13.8
52,Hermanus,ZA,2022-08-29 16:44:59,-34.4187,19.2345,52.81,56,21,19.33
53,Saint-Philippe,RE,2022-08-29 16:44:59,-21.3585,55.7679,72.99,83,74,6.96
54,Karratha,AU,2022-08-29 16:44:59,-20.7377,116.8463,69.76,44,5,8.68
55,Bom Jesus,BR,2022-08-29 16:45:00,-9.0744,-44.3586,98.24,17,5,6.62
56,Sur,OM,2022-08-29 16:45:00,22.5667,59.5289,84.97,60,22,11.14
57,Poum,NC,2022-08-29 16:45:00,-20.2333,164.0167,71.1,70,3,12.88
58,Mehamn,NO,2022-08-29 16:45:01,71.0357,27.8492,46.31,70,75,12.66
59,Coquimbo,CL,2022-08-29 16:44:05,-29.9533,-71.3436,53.33,87,100,5.75
60,Collie,AU,2022-08-29 16:45:01,-33.3667,116.15,46.74,74,94,2.71
61,Port Elizabeth,ZA,2022-08-29 16:45:02,-33.918,25.5701,54.32,77,100,16.11
62,Punta Arenas,CL,2022-08-29 16:44:12,-53.15,-70.9167,46.51,76,75,14.97
63,Waipawa,NZ,2022-08-29 16:45:03,-41.4122,175.5153,39.88,87,43,5.08
64,Batemans Bay,AU,2022-08-29 16:45:04,-35.7167,150.1833,58.1,91,58,7.52
65,Klaksvik,FO,2022-08-29 16:45:04,62.2266,-6.589,52.72,80,79,14.07
66,Pleshanovo,RU,2022-08-29 16:45:05,52.8333,53.4833,74.66,33,90,3.58
67,Saint Anthony,US,2022-08-29 16:45:05,45.0205,-93.218,75.24,67,0,16.11
68,Victoria,HK,2022-08-29 16:40:33,22.2855,114.1577,86.32,86,16,4.0
69,Sambava,MG,2022-08-29 16:45:05,-14.2667,50.1667,70.77,89,14,4.88
70,Meulaboh,ID,2022-08-29 16:45:06,4.1363,96.1285,75.83,91,100,2.91
71,Esperance,AU,2022-08-29 16:45:06,-33.8667,121.9,47.37,80,9,7.92
72,Vangaindrano,MG,2022-08-29 16:45:07,-23.35,47.6,67.19,89,37,5.95
73,Ponta Do Sol,PT,2022-08-29 16:45:07,32.6667,-17.1,77.0,70,58,1.74
74,Beloha,MG,2022-08-29 16:45:07,-25.1667,45.05,66.15,81,31,6.46
75,Ramhormoz,IR,2022-08-29 16:45:08,31.28,49.6035,100.06,14,0,3.44
76,Lebu,CL,2022-08-29 16:45:08,-37.6167,-73.65,55.71,65,88,5.12
77,Kavieng,PG,2022-08-29 16:45:08,-2.5744,150.7967,81.91,71,72,12.93
78,Asau,RO,2022-08-29 16:45:09,46.4333,26.4,81.52,43,91,2.8
79,Fortuna,US,2022-08-29 16:45:09,40.5982,-124.1573,53.94,59,7,4.83
80,Jalu,LY,2022-08-29 16:45:10,29.0331,21.5482,94.87,24,3,12.19
81,Smithers,CA,2022-08-29 16:45:10,54.7804,-127.1743,57.52,88,75,3.44
82,Misratah,LY,2022-08-29 16:45:10,32.3754,15.0925,85.5,63,0,16.64
83,Imeni Poliny Osipenko,RU,2022-08-29 16:45:11,52.4201,136.4853,50.85,98,14,5.28
84,Ketchikan,US,2022-08-29 16:45:11,55.3422,-131.6461,57.67,100,100,9.22
85,Te Anau,NZ,2022-08-29 16:45:11,-45.4167,167.7167,43.09,92,83,2.66
86,Rupert,US,2022-08-29 16:40:21,42.6191,-113.6772,70.18,45,0,0.0
87,Tuktoyaktuk,CA,2022-08-29 16:45:12,69.4541,-133.0374,44.6,93,100,6.91
88,Vostok,RU,2022-08-29 16:45:12,46.4856,135.8833,50.86,97,100,3.15
89,Georgetown,MY,2022-08-29 16:44:57,5.4112,100.3354,80.53,90,40,7.0
90,Whitehorse,CA,2022-08-29 16:40:43,60.7161,-135.0538,51.82,85,75,2.3
91,Turukhansk,RU,2022-08-29 16:46:13,65.8167,87.9833,36.16,86,82,8.39
92,Chokurdakh,RU,2022-08-29 16:46:13,70.6333,147.9167,34.56,96,40,8.66
93,Lorengau,PG,2022-08-29 16:46:13,-2.0226,147.2712,80.71,82,71,10.2
94,Castro,BR,2022-08-29 16:46:14,-24.7911,-50.0119,58.26,54,79,10.11
95,Cape Town,ZA,2022-08-29 16:43:38,-33.9258,18.4232,57.27,54,20,23.02
96,East London,ZA,2022-08-29 16:42:21,-33.0153,27.9116,54.54,94,100,19.57
97,Atambua,ID,2022-08-29 16:46:14,-9.1061,124.8925,71.29,88,42,5.66
98,Agadez,NE,2022-08-29 16:46:15,19.75,10.25,97.9,22,79,2.91
99,Hobart,AU,2022-08-29 16:45:11,-42.8794,147.3294,51.26,89,86,4.61
100,Launceston,AU,2022-08-29 16:46:15,-41.45,147.1667,52.16,93,100,6.91
101,Salalah,OM,2022-08-29 16:46:15,17.0151,54.0924,77.09,94,75,5.75
102,Khatanga,RU,2022-08-29 16:46:16,71.9667,102.5,39.9,94,100,18.72
103,Saint-Pierre,RE,2022-08-29 16:46:16,-21.3393,55.4781,73.08,84,75,3.44
104,Vaini,TO,2022-08-29 16:46:16,-21.2,-175.2,68.16,100,20,3.44
105,Norman Wells,CA,2022-08-29 16:46:17,65.282,-126.8329,53.64,94,75,2.3
106,Margate,GB,2022-08-29 16:46:17,51.3813,1.3862,69.31,69,12,8.01
107,Salinopolis,BR,2022-08-29 16:46:17,-0.6136,-47.3561,85.62,66,91,12.26
108,Caiaponia,BR,2022-08-29 16:46:18,-16.9567,-51.8103,93.22,16,6,12.17
109,Husavik,IS,2022-08-29 16:46:18,66.0449,-17.3389,61.3,59,91,4.07
110,Adrar,MR,2022-08-29 16:46:18,20.5022,-10.0711,96.39,31,58,14.41
111,Tuatapere,NZ,2022-08-29 16:46:19,-46.1333,167.6833,42.01,93,53,3.4
112,Sao Filipe,CV,2022-08-29 16:46:19,14.8961,-24.4956,77.52,81,100,11.81
113,Zilupe,LV,2022-08-29 16:46:19,56.3862,28.1217,70.5,61,95,3.65
114,Jamkhed,IN,2022-08-29 16:46:20,18.7362,75.3121,79.86,68,100,11.27
115,Birao,CF,2022-08-29 16:46:20,10.2849,22.7882,71.44,95,91,4.45
116,Pachino,IT,2022-08-29 16:46:20,36.7186,15.0907,81.63,68,21,6.76
117,Banfora,BF,2022-08-29 16:46:21,10.6333,-4.7667,78.84,82,75,4.09
118,Provideniya,RU,2022-08-29 16:46:21,64.3833,-173.3,48.09,90,100,6.33
119,Novobirilyussy,RU,2022-08-29 16:46:21,56.9514,90.6661,39.54,95,18,2.57
120,Puerto Escondido,MX,2022-08-29 16:46:21,15.85,-97.0667,86.07,63,83,7.61
121,Maltahohe,NA,2022-08-29 16:46:22,-24.8333,16.9833,70.63,13,0,12.86
122,Hilo,US,2022-08-29 16:42:36,19.7297,-155.09,79.29,77,0,8.05
123,Kemijarvi,FI,2022-08-29 16:46:22,66.7131,27.4306,48.97,63,61,6.06
124,Lianran,CN,2022-08-29 16:46:23,24.9227,102.485,66.74,94,84,2.66
125,Bafilo,TG,2022-08-29 16:46:23,9.35,1.2667,73.36,90,96,4.92
126,Rapid City,US,2022-08-29 16:42:50,44.0805,-103.231,79.47,33,0,10.36
127,Lander,US,2022-08-29 16:41:46,42.833,-108.7307,75.79,36,0,8.05
128,Auki,SB,2022-08-29 16:46:23,-8.7676,160.7034,75.83,90,31,4.63
129,Aykhal,RU,2022-08-29 16:46:24,66.0,111.5,38.57,94,99,16.26
130,Balsas,BR,2022-08-29 16:46:24,-7.5325,-46.0356,99.0,17,16,5.73
131,Atar,MR,2022-08-29 16:46:25,20.5169,-13.0499,101.61,27,39,12.93
132,Nome,US,2022-08-29 16:46:25,64.5011,-165.4064,33.87,86,0,4.61
133,Sisimiut,GL,2022-08-29 16:46:25,66.9395,-53.6735,47.75,65,100,14.03
134,Kajaani,FI,2022-08-29 16:46:25,64.2273,27.7285,60.85,55,0,9.22
135,Cidreira,BR,2022-08-29 16:46:26,-30.1811,-50.2056,55.11,56,92,9.26
136,Makakilo City,US,2022-08-29 16:46:26,21.3469,-158.0858,75.52,78,0,5.75
137,Islahiye,TR,2022-08-29 16:46:26,37.025,36.6306,83.91,24,0,5.88
138,Khomeyn,IR,2022-08-29 16:46:27,33.6423,50.0789,73.22,13,0,7.11
139,Sosnovo-Ozerskoye,RU,2022-08-29 16:46:27,52.5249,111.5418,35.26,74,18,5.84
140,Pangai,TO,2022-08-29 16:47:27,-19.8,-174.35,75.34,74,77,11.16
141,Iqaluit,CA,2022-08-29 16:47:28,63.7506,-68.5145,42.53,86,75,4.61
142,Yakima,US,2022-08-29 16:46:40,46.4665,-120.6678,74.17,54,0,5.75
143,Omboue,GA,2022-08-29 16:47:28,-1.5746,9.2618,76.24,78,82,7.92
144,Green Valley,US,2022-08-29 16:47:28,31.8543,-110.9937,89.19,57,0,7.2
145,Faanui,PF,2022-08-29 16:47:29,-16.4833,-151.75,78.66,68,68,12.35
146,Yulara,AU,2022-08-29 16:47:29,-25.2406,130.9889,51.37,40,0,10.09
147,Sirjan,IR,2022-08-29 16:47:30,29.452,55.6814,75.54,7,0,12.62
148,Siocon,PH,2022-08-29 16:47:30,7.7061,122.1353,76.87,92,100,4.07
149,Kautokeino,NO,2022-08-29 16:47:30,69.0125,23.0412,45.32,69,90,12.86
150,Katsuura,JP,2022-08-29 16:47:31,35.1333,140.3,73.0,92,98,14.5
151,Pacific Grove,US,2022-08-29 16:46:58,36.6177,-121.9166,62.02,87,100,5.99
152,Dikson,RU,2022-08-29 16:47:31,73.5069,80.5464,39.81,90,100,3.69
153,Zaraza,VE,2022-08-29 16:47:32,9.3503,-65.3245,87.64,67,11,4.45
154,Constitucion,CL,2022-08-29 16:47:32,-35.3333,-72.4167,61.54,64,19,8.08
155,Curitibanos,BR,2022-08-29 16:47:33,-27.2828,-50.5844,58.78,34,63,3.71
156,Apomu,NG,2022-08-29 16:47:33,7.3333,4.1833,75.33,91,94,1.34
157,Tari,NG,2022-08-29 16:47:33,12.4086,4.4914,83.77,68,100,3.24
158,Hervey Bay,AU,2022-08-29 16:47:34,-25.2986,152.8535,64.94,76,100,8.72
159,Saldanha,ZA,2022-08-29 16:47:34,-33.0117,17.9442,60.85,60,1,25.03
160,Hithadhoo,MV,2022-08-29 16:47:34,-0.6,73.0833,80.73,75,96,17.25
161,Komsomolskiy,UZ,2022-08-29 16:47:35,40.4272,71.7189,77.72,29,46,4.61
162,Tommot,RU,2022-08-29 16:47:35,58.9564,126.2925,45.73,98,100,3.96
163,New Norfolk,AU,2022-08-29 16:47:35,-42.7826,147.0587,50.9,65,90,1.43
164,Cabo San Lucas,MX,2022-08-29 16:46:55,22.8909,-109.9124,90.61,58,40,4.61
165,Sao Joao Da Barra,BR,2022-08-29 16:47:36,-21.6403,-41.0511,71.69,74,93,22.73
166,Cockburn Town,TC,2022-08-29 16:47:36,21.4612,-71.1419,84.16,70,40,11.5
167,Ribeira Grande,PT,2022-08-29 16:47:37,38.5167,-28.7,81.0,78,20,11.5
168,Chifeng,CN,2022-08-29 16:47:37,42.2683,118.9636,59.0,70,53,2.33
169,Bensonville,LR,2022-08-29 16:47:37,6.4461,-10.6125,79.86,70,74,9.13
170,Saint George,US,2022-08-29 16:47:05,37.1041,-113.5841,90.43,29,0,3.44
171,Leningradskiy,RU,2022-08-29 16:47:37,69.3833,178.4167,34.5,94,91,2.01
172,General Roca,AR,2022-08-29 16:47:38,-39.0333,-67.5833,71.62,12,50,21.77
173,Souillac,MU,2022-08-29 16:47:38,-20.5167,57.5167,68.38,88,40,4.61
174,Hohhot,CN,2022-08-29 16:47:38,40.8106,111.6522,53.89,94,32,4.47
175,Porto Santo,PT,2022-08-29 16:47:39,33.072,-16.3415,73.78,64,40,6.91
176,Hailar,CN,2022-08-29 16:47:39,49.2,119.7,50.72,87,77,6.44
177,Mutoko,ZW,2022-08-29 16:47:39,-17.397,32.2268,64.99,34,0,5.5
178,Marzuq,YE,2022-08-29 16:47:40,14.4,46.4667,82.11,51,29,9.24
179,Mendi,PG,2022-08-29 16:47:40,-6.1761,143.6513,56.48,98,100,3.33
180,Tiznit,MA,2022-08-29 16:47:40,29.5833,-9.5,78.37,52,45,11.81
181,Jinchang,CN,2022-08-29 16:47:41,38.4953,102.1739,64.36,53,99,4.54
182,Qaanaaq,GL,2022-08-29 16:47:41,77.484,-69.3632,32.36,62,6,3.85
183,Harper,LR,2022-08-29 16:47:42,4.375,-7.7169,78.51,75,71,11.07
184,Akcakoca,TR,2022-08-29 16:47:42,41.0866,31.1162,75.29,84,0,8.25
185,Labrea,BR,2022-08-29 16:47:42,-7.2586,-64.7981,97.79,31,86,5.73
186,Ada,US,2022-08-29 16:47:42,43.4166,-116.1262,75.97,28,0,9.22
187,Novoselitskoye,RU,2022-08-29 16:48:43,44.7508,43.4369,79.2,46,97,14.88
188,Vasteras,SE,2022-08-29 16:48:43,59.6162,16.5528,60.85,53,100,16.11
189,Lumeje,AO,2022-08-29 16:48:44,-11.55,20.7833,81.19,18,16,6.24
190,Mednogorsk,RU,2022-08-29 16:48:44,51.4128,57.595,72.84,33,68,2.91
191,Alofi,NU,2022-08-29 16:46:29,-19.0595,-169.9187,64.29,94,75,1.14
192,Puerto Leguizamo,CO,2022-08-29 16:48:44,-0.1934,-74.7819,71.24,99,97,3.44
193,Cascas,PE,2022-08-29 16:48:45,-7.4833,-78.8167,76.5,44,34,11.65
194,Rockport,US,2022-08-29 16:46:45,28.0206,-97.0544,87.85,86,100,9.22
195,Tambacounda,SN,2022-08-29 16:48:45,13.7539,-13.7586,83.75,68,84,11.81
196,Yangambi,CD,2022-08-29 16:48:45,0.8102,24.4336,71.53,94,95,0.89
197,Quesnel,CA,2022-08-29 16:48:45,52.9999,-122.5029,61.3,88,100,8.05
198,Broken Hill,AU,2022-08-29 16:48:46,-31.95,141.4333,47.44,74,0,10.78
199,Colac,AU,2022-08-29 16:48:46,-38.3333,143.5833,50.16,97,91,6.11
200,Prainha,BR,2022-08-29 16:48:46,-1.8,-53.48,96.08,34,62,3.49
201,Pendleton,US,2022-08-29 16:44:47,45.6721,-118.7886,80.56,36,0,6.91
202,Lompoc,US,2022-08-29 16:48:47,34.6391,-120.4579,69.62,93,40,2.3
203,Bonavista,CA,2022-08-29 16:48:47,48.6499,-53.1147,69.66,61,64,12.41
204,Paragominas,BR,2022-08-29 16:48:47,-2.9667,-47.4833,98.53,22,68,6.46
205,Tautira,PF,2022-08-29 16:48:48,-17.7333,-149.15,77.27,75,35,10.85
206,Polahongon,PH,2022-08-29 16:48:48,10.5288,124.9694,75.56,97,98,1.52
207,Ilulissat,GL,2022-08-29 16:48:48,69.2167,-51.1,50.02,71,75,14.97
208,Merauke,ID,2022-08-29 16:48:49,-8.4667,140.3333,77.29,90,47,10.09
209,The Valley,AI,2022-08-29 16:48:49,18.217,-63.0578,88.11,79,20,13.8
210,High Level,CA,2022-08-29 16:45:04,58.5169,-117.136,53.71,94,40,0.0
211,Vsetaty,CZ,2022-08-29 16:48:49,50.2819,14.593,75.79,52,0,5.75
212,Kuandian,CN,2022-08-29 16:48:50,40.7286,124.7847,57.47,94,100,1.34
213,Longyearbyen,SJ,2022-08-29 16:48:50,78.2186,15.6401,40.84,65,75,5.75
214,Camacha,PT,2022-08-29 16:48:50,33.0833,-16.3333,71.02,64,40,6.91
215,Vao,NC,2022-08-29 16:48:51,-22.6667,167.4833,68.4,60,62,18.05
216,Hualmay,PE,2022-08-29 16:48:51,-11.0964,-77.6139,66.74,67,41,10.02
217,Hays,US,2022-08-29 16:48:51,30.0502,-98.0336,91.31,62,32,6.91
218,Koslan,RU,2022-08-29 16:48:51,63.4564,48.8989,61.45,95,99,8.21
219,Grindavik,IS,2022-08-29 16:48:52,63.8424,-22.4338,57.67,88,75,34.52
220,Caravelas,BR,2022-08-29 16:48:52,-17.7125,-39.2481,74.89,74,39,9.22
221,Beringovskiy,RU,2022-08-29 16:48:52,63.05,179.3167,49.66,98,100,13.44
222,Ushtobe,KZ,2022-08-29 16:48:53,45.2514,77.9838,63.57,26,56,3.11
223,Ambovombe,MG,2022-08-29 16:48:53,-25.1667,46.0833,69.21,79,41,7.92
224,Dinar,TR,2022-08-29 16:48:53,38.065,30.1656,85.96,21,0,7.65
225,Pemangkat,ID,2022-08-29 16:48:54,1.1667,108.9667,80.02,81,100,6.82
226,Yanam,IN,2022-08-29 16:48:54,16.7333,82.2167,79.5,90,75,3.4
227,Berlin,DE,2022-08-29 16:45:50,52.5244,13.4105,74.01,71,20,8.05
228,Albury,AU,2022-08-29 16:48:54,-36.0833,146.9167,57.33,100,94,10.0
229,Nouadhibou,MR,2022-08-29 16:48:55,20.931,-17.0347,80.58,65,1,20.71
230,Nemuro,JP,2022-08-29 16:48:55,43.3236,145.575,65.14,84,100,6.8
231,Pisco,PE,2022-08-29 16:44:43,-13.7,-76.2167,61.02,82,100,4.61
232,Plettenberg Bay,ZA,2022-08-29 16:48:55,-34.0527,23.3716,54.66,58,99,13.29
233,Inhambane,MZ,2022-08-29 16:48:56,-23.865,35.3833,73.38,94,0,9.22
234,Arraial Do Cabo,BR,2022-08-29 16:49:56,-22.9661,-42.0278,67.96,68,100,18.41
235,Barrow,US,2022-08-29 16:49:56,71.2906,-156.7887,39.22,93,100,8.05
236,Mandera,KE,2022-08-29 16:49:57,3.9366,41.867,87.96,33,60,8.34
237,Mporokoso,ZM,2022-08-29 16:49:57,-9.3727,30.125,73.09,32,87,2.95
238,Kaitangata,NZ,2022-08-29 16:49:57,-46.2817,169.8464,39.63,93,15,5.12
239,Los Llanos De Aridane,ES,2022-08-29 16:49:57,28.6585,-17.9182,71.35,77,75,8.05
240,Ust-Kan,RU,2022-08-29 16:49:58,50.9276,84.761,46.22,79,1,1.77
241,Quelimane,MZ,2022-08-29 16:49:58,-17.8786,36.8883,75.15,83,0,11.5
242,Heihe,CN,2022-08-29 16:49:58,50.2441,127.4902,59.58,86,94,6.67
243,Airai,TL,2022-08-29 16:49:59,-8.9266,125.4092,57.38,92,32,3.02
244,Glenwood Springs,US,2022-08-29 16:49:59,39.5505,-107.3248,79.34,44,0,1.01
245,Jamestown,US,2022-08-29 16:49:59,42.097,-79.2353,87.94,56,40,11.5
246,Marquette,US,2022-08-29 16:49:59,46.5333,-87.6335,79.83,72,72,11.59
247,Ocos,GT,2022-08-29 16:50:00,14.5094,-92.1933,83.03,72,91,4.85
248,Gorontalo,ID,2022-08-29 16:50:00,0.5412,123.0595,75.49,95,100,1.1
249,Capreol,CA,2022-08-29 16:50:01,46.706,-80.9225,73.54,94,100,10.36
250,Varca,IN,2022-08-29 16:50:01,15.2167,73.9167,78.8,94,75,9.22
251,Grand Gaube,MU,2022-08-29 16:50:01,-20.0064,57.6608,68.4,78,93,1.99
252,Ostersund,SE,2022-08-29 16:50:02,63.1792,14.6357,54.61,66,100,6.91
253,Clyde River,CA,2022-08-29 16:50:02,70.4692,-68.5914,37.63,100,100,6.91
254,Comodoro Rivadavia,AR,2022-08-29 16:48:54,-45.8667,-67.5,64.26,16,0,8.05
255,Ardmore,US,2022-08-29 16:50:03,34.1743,-97.1436,86.86,68,40,11.5
256,Khani,GE,2022-08-29 16:50:03,41.9563,42.9566,71.17,92,11,2.89
257,Nanortalik,GL,2022-08-29 16:50:04,60.1432,-45.2371,40.12,94,94,12.28
258,Olafsvik,IS,2022-08-29 16:50:04,64.8945,-23.7142,54.64,89,100,22.93
259,Nalut,LY,2022-08-29 16:50:04,30.3333,10.85,100.58,11,1,10.78
260,Fairbanks,US,2022-08-29 16:45:22,64.8378,-147.7164,50.81,94,100,4.61
261,Chuy,UY,2022-08-29 16:50:05,-33.6971,-53.4616,53.58,56,5,7.27
262,Coihaique,CL,2022-08-29 16:50:05,-45.5752,-72.0662,48.81,61,0,8.05
263,Tshikapa,CD,2022-08-29 16:50:06,-6.4167,20.8,73.89,85,100,5.17
264,Bagdarin,RU,2022-08-29 16:50:06,54.4333,113.6,35.33,66,17,3.56
265,Chenove,FR,2022-08-29 16:50:06,47.2932,5.0046,86.95,32,0,6.91
266,Lakes Entrance,AU,2022-08-29 16:50:07,-37.8811,147.981,51.17,90,78,5.46
267,Padang,ID,2022-08-29 16:50:07,-0.9492,100.3543,75.36,96,100,7.36
268,Krasnyy Kut,RU,2022-08-29 16:50:07,50.95,46.9667,84.02,20,100,7.23
269,Talnakh,RU,2022-08-29 16:50:08,69.4865,88.3972,36.21,87,62,6.06
270,Kuryk,KZ,2022-08-29 16:50:08,43.2,51.65,83.7,26,0,1.61
271,Lasa,IT,2022-08-29 16:50:08,46.6166,10.7002,83.28,68,29,1.86
272,Luanda,AO,2022-08-29 16:48:36,-8.8368,13.2343,77.0,65,0,8.05
273,Yertarskiy,RU,2022-08-29 16:50:09,56.7902,64.2995,65.34,65,45,5.06
274,College,US,2022-08-29 16:50:09,64.8569,-147.8028,49.8,94,75,4.61
275,Sorong,ID,2022-08-29 16:50:10,-0.8833,131.25,78.46,84,100,3.76
276,San Juan,AR,2022-08-29 16:49:51,-31.5375,-68.5364,69.94,14,0,10.83
277,Kahului,US,2022-08-29 16:50:10,20.8947,-156.47,78.84,78,0,5.01
278,Narsaq,GL,2022-08-29 16:50:10,60.9167,-46.05,42.78,86,100,5.1
279,Eldorado,BR,2022-08-29 16:50:11,-23.7869,-54.2836,72.79,53,78,5.88
280,Chimbote,PE,2022-08-29 16:51:11,-9.0853,-78.5783,67.91,68,39,10.25
281,Mirebalais,HT,2022-08-29 16:51:11,18.8333,-72.1053,88.52,45,100,0.74
282,San Policarpo,PH,2022-08-29 16:51:12,12.1791,125.5072,81.59,79,98,1.97
283,Manjacaze,MZ,2022-08-29 16:51:12,-24.7117,33.8828,70.79,58,0,7.0
284,Collipulli,CL,2022-08-29 16:51:12,-37.95,-72.4333,63.77,40,68,2.98
285,Vilhena,BR,2022-08-29 16:50:18,-12.7406,-60.1458,84.42,45,13,14.97
286,Swan Hill,AU,2022-08-29 16:51:13,-35.3378,143.5544,44.17,94,19,10.94
287,Palana,RU,2022-08-29 16:51:13,59.1167,159.9667,45.55,98,100,19.44
288,Prince Rupert,CA,2022-08-29 16:51:13,54.3161,-130.3201,60.89,96,100,28.77
289,Buraydah,SA,2022-08-29 16:51:13,26.326,43.975,100.85,8,2,9.89
290,Sao Miguel Do Araguaia,BR,2022-08-29 16:51:14,-13.275,-50.1628,98.2,14,52,8.66
291,Bengkulu,ID,2022-08-29 16:48:55,-3.8004,102.2655,74.82,95,100,8.08
292,Ratnagiri,IN,2022-08-29 16:51:14,16.9833,73.3,79.88,84,99,7.56
293,Santa Rosa,PH,2022-08-29 16:51:14,14.3122,121.1114,79.09,89,82,2.55
294,Cherskiy,RU,2022-08-29 16:51:15,68.75,161.3,42.08,88,6,8.57
295,Mahebourg,MU,2022-08-29 16:51:15,-20.4081,57.7,68.29,88,40,4.61
296,Tubuala,PA,2022-08-29 16:51:15,9.5167,-79.0333,79.92,82,100,9.35
297,Monopoli,IT,2022-08-29 16:48:11,40.9559,17.2896,79.72,73,38,8.08
298,Mmathubudukwane,BW,2022-08-29 16:51:16,-24.6,26.4333,73.65,22,3,4.81
299,San Quintin,MX,2022-08-29 16:51:16,30.4833,-115.95,72.72,75,72,10.78
300,Chiredzi,ZW,2022-08-29 16:51:16,-21.05,31.6667,74.32,21,0,6.42
301,Faya,SA,2022-08-29 16:51:17,18.3851,42.4509,78.91,40,62,6.17
302,Zhanakorgan,KZ,2022-08-29 16:51:17,43.9098,67.2495,82.18,22,4,14.2
303,Pangnirtung,CA,2022-08-29 16:51:18,66.1451,-65.7125,48.2,71,75,8.05
304,Cap-Aux-Meules,CA,2022-08-29 16:51:18,47.3821,-61.8597,69.85,83,100,17.27
305,Nikolskoye,RU,2022-08-29 16:51:18,59.7035,30.7861,66.87,71,34,8.84
306,Nhulunbuy,AU,2022-08-29 16:51:19,-12.2333,136.7667,75.81,88,75,6.91
307,Ancud,CL,2022-08-29 16:51:19,-41.8697,-73.8203,50.79,66,100,1.92
308,Port Lincoln,AU,2022-08-29 16:51:20,-34.7333,135.8667,52.9,56,100,14.76
309,La Rioja,ES,2022-08-29 16:51:20,42.25,-2.5,73.18,82,78,4.23
310,Ouesso,CG,2022-08-29 16:51:20,1.6136,16.0517,73.9,94,94,2.51
311,Bud,US,2022-08-29 16:51:21,39.447,-86.1758,87.75,75,92,11.81
312,Hvide Sande,DK,2022-08-29 16:51:21,56.0045,8.1294,69.1,60,49,16.51
313,Sohag,EG,2022-08-29 16:51:21,26.557,31.6948,98.89,23,0,13.2
314,Kruisfontein,ZA,2022-08-29 16:51:22,-34.0033,24.7314,50.88,73,84,14.76
315,Sobolevo,RU,2022-08-29 16:51:22,54.4299,31.8996,66.94,55,61,4.63
316,Tura,IN,2022-08-29 16:51:22,25.5198,90.2201,75.16,92,88,3.91
317,Shaoyang,CN,2022-08-29 16:51:23,27.2315,111.4525,78.53,77,97,7.85
318,Gravelbourg,CA,2022-08-29 16:51:23,49.8834,-106.5512,69.42,39,0,13.4
319,Barrhead,GB,2022-08-29 16:51:23,55.7992,-4.3929,69.24,67,91,5.75
320,Palmer,US,2022-08-29 16:49:28,42.1584,-72.3287,84.92,65,75,9.22
321,Mareeba,AU,2022-08-29 16:51:24,-17.0,145.4333,70.45,87,85,5.08
322,Christchurch,NZ,2022-08-29 16:50:06,-43.5333,172.6333,46.9,85,1,5.01
323,Okha,RU,2022-08-29 16:51:24,53.5739,142.9478,50.79,89,0,6.53
324,La Ronge,CA,2022-08-29 16:51:24,55.1001,-105.2842,64.65,59,0,9.22
325,Cayenne,GF,2022-08-29 16:51:25,4.9333,-52.3333,89.64,55,75,3.44
326,Tiksi,RU,2022-08-29 16:52:25,71.6872,128.8694,41.52,95,89,5.26
327,Diapaga,BF,2022-08-29 16:52:26,12.0708,1.7889,80.47,81,99,3.74
328,Voyinka,UA,2022-08-29 16:52:26,45.8699,33.9914,77.7,51,1,5.14
329,Gat,IL,2022-08-29 16:52:26,31.61,34.7642,88.39,100,0,11.01
330,Shenkursk,RU,2022-08-29 16:52:27,62.1091,42.896,61.68,91,100,2.89
331,Salta,AR,2022-08-29 16:52:27,-24.7859,-65.4117,64.58,24,0,7.0
332,Taber,CA,2022-08-29 16:52:11,49.8167,-112.1518,73.24,54,73,8.05
333,Namibe,AO,2022-08-29 16:48:58,-15.1961,12.1522,64.98,83,30,8.21
334,Luau,AO,2022-08-29 16:52:28,-10.7073,22.2247,81.28,17,12,2.84
335,Carnarvon,AU,2022-08-29 16:52:28,-24.8667,113.6333,65.37,54,70,18.59
336,Ambon,ID,2022-08-29 16:52:28,-3.6954,128.1814,78.24,15,40,5.75
337,Berdigestyakh,RU,2022-08-29 16:52:29,62.0989,126.6992,42.67,98,90,3.31
338,Cozumel,MX,2022-08-29 16:52:16,20.5083,-86.9458,89.01,71,33,10.0
339,Solnechnyy,RU,2022-08-29 16:52:29,50.7214,136.6319,53.46,88,99,3.15
340,Thinadhoo,MV,2022-08-29 16:52:29,0.5333,72.9333,80.67,77,100,16.73
341,Biltine,TD,2022-08-29 16:52:30,14.5333,20.9167,88.29,44,89,5.7
342,Champerico,GT,2022-08-29 16:52:30,14.3,-91.9167,88.34,72,81,5.19
343,Half Moon Bay,US,2022-08-29 16:52:31,37.4636,-122.4286,70.45,80,100,5.75
344,Varzelandia,BR,2022-08-29 16:52:31,-15.7014,-44.0275,88.41,20,23,10.49
345,Amapa,BR,2022-08-29 16:52:31,1.0,-52.0,90.37,43,52,4.29
346,Yerbogachen,RU,2022-08-29 16:52:32,61.2767,108.0108,46.13,96,100,8.93
347,Guinguineo,SN,2022-08-29 16:52:32,14.2667,-15.95,93.02,59,75,6.91
348,Skelleftea,SE,2022-08-29 16:52:33,64.7507,20.9528,62.01,75,0,5.75
349,Coihueco,CL,2022-08-29 16:52:33,-36.6167,-71.8333,57.94,55,0,4.61
350,Miyako,JP,2022-08-29 16:52:33,39.6367,141.9525,64.94,75,96,5.19
351,Bunda,TZ,2022-08-29 16:52:34,-2.05,33.8667,72.21,66,28,3.87
352,Ishigaki,JP,2022-08-29 16:52:34,24.3448,124.1572,84.33,89,20,5.75
353,Persianovskiy,RU,2022-08-29 16:52:34,47.5137,40.1075,84.72,45,40,4.47
354,Chapais,CA,2022-08-29 16:52:35,49.7834,-74.8492,69.58,97,100,7.11
355,Ulladulla,AU,2022-08-29 16:52:35,-35.35,150.4667,57.78,92,11,5.79
356,Vanavara,RU,2022-08-29 16:52:35,60.34,102.2797,35.85,85,99,20.07
357,Iralaya,HN,2022-08-29 16:52:36,15.0,-83.2333,82.92,79,62,7.76
358,Chenzhou,CN,2022-08-29 16:52:36,25.8,113.0333,77.74,86,91,3.15
359,Ocean City,US,2022-08-29 16:50:32,39.2776,-74.5746,91.02,75,0,1.01
360,Bereda,ES,2022-08-29 16:52:36,43.2686,-7.5406,83.41,58,66,5.97
361,Port-Gentil,GA,2022-08-29 16:52:37,-0.7193,8.7815,80.56,74,20,11.5
362,Anshun,CN,2022-08-29 16:52:37,26.25,105.9333,67.46,98,97,5.08
363,Maragogi,BR,2022-08-29 16:52:37,-9.0122,-35.2225,78.6,70,33,11.05
364,Aosta,IT,2022-08-29 16:52:38,45.7667,7.4167,69.37,60,31,7.0
365,Oranjemund,NA,2022-08-29 16:52:38,-28.55,16.4333,56.43,76,0,25.75
366,Nishihara,JP,2022-08-29 16:52:39,26.1842,127.7558,84.25,84,20,3.44
367,Buluang,PH,2022-08-29 16:52:39,13.3068,123.3425,78.08,89,95,1.77
368,Falkenberg,SE,2022-08-29 16:52:39,56.9055,12.4912,66.34,50,7,8.7
369,Talaya,RU,2022-08-29 16:53:40,61.3833,152.75,47.86,94,100,4.18
370,Port Keats,AU,2022-08-29 16:53:40,-14.25,129.55,73.31,73,6,2.8
371,Baiyin,CN,2022-08-29 16:53:40,36.5583,104.2081,53.44,81,96,2.15
372,Gukovo,RU,2022-08-29 16:53:41,48.0531,39.9311,76.68,59,37,9.4
373,Srednekolymsk,RU,2022-08-29 16:53:41,67.45,153.6833,39.81,88,2,12.35
374,San Luis,AR,2022-08-29 16:53:41,-33.295,-66.3356,67.5,12,1,16.75
375,San Cristobal,VE,2022-08-29 16:53:42,7.7669,-72.225,82.58,71,87,6.87
376,Aksu,CN,2022-08-29 16:53:42,41.1231,80.2644,74.35,39,76,2.39
377,Kaputa,ZM,2022-08-29 16:53:42,-8.4689,29.6619,78.08,41,25,3.36
378,Bonthe,SL,2022-08-29 16:53:43,7.5264,-12.505,77.95,83,100,14.23
379,Marsh Harbour,BS,2022-08-29 16:53:43,26.5412,-77.0636,85.91,70,10,19.13
380,Lengshuijiang,CN,2022-08-29 16:53:43,27.6881,111.4294,75.78,84,90,4.47
381,Kloulklubed,PW,2022-08-29 16:53:44,7.0419,134.2556,79.3,77,99,11.36
382,Sorland,NO,2022-08-29 16:53:44,67.667,12.6934,49.86,72,100,15.61
383,Cochrane,CA,2022-08-29 16:51:06,51.1834,-114.4687,70.02,39,0,2.3
384,Kihei,US,2022-08-29 16:51:47,20.785,-156.4656,78.84,79,0,0.0
385,Maniitsoq,GL,2022-08-29 16:53:44,65.4167,-52.9,44.4,79,99,19.64
386,Hofn,IS,2022-08-29 16:53:44,64.2539,-15.2082,53.62,87,100,4.61
387,Nizhnevartovsk,RU,2022-08-29 16:53:45,60.9344,76.5531,42.82,100,0,4.47
388,Seydi,TM,2022-08-29 16:53:45,39.4816,62.9137,83.19,13,0,10.56
389,San Ignacio,BZ,2022-08-29 16:50:17,17.1561,-89.0714,87.94,70,40,3.44
390,Kivsharivka,UA,2022-08-29 16:53:45,49.6213,37.7036,74.82,39,1,5.77
391,Bhadrachalam,IN,2022-08-29 16:53:46,17.6667,80.8833,78.78,89,100,4.36
392,Mayumba,GA,2022-08-29 16:53:46,-3.432,10.6554,74.46,81,39,10.47
393,Winnemucca,US,2022-08-29 16:53:46,40.973,-117.7357,73.45,20,0,12.66
394,Ewa Beach,US,2022-08-29 16:53:47,21.3156,-158.0072,76.95,80,75,4.0
395,Lavrentiya,RU,2022-08-29 16:53:47,65.5833,-171.0,42.57,87,100,4.76
396,Tezu,IN,2022-08-29 16:53:47,27.9167,96.1667,76.77,99,100,2.86
397,Trujillo,PE,2022-08-29 16:53:48,-8.116,-79.03,60.76,82,100,9.22
398,Henties Bay,NA,2022-08-29 16:53:48,-22.116,14.2845,54.9,83,0,8.46
399,Mahanoro,MG,2022-08-29 16:53:49,-19.9,48.8,69.6,87,16,2.57
400,Aiani,GR,2022-08-29 16:53:49,40.1667,21.8167,80.33,47,74,3.44
401,Tilichiki,RU,2022-08-29 16:53:49,60.4667,166.1,47.82,98,100,4.45
402,Burla,IN,2022-08-29 16:53:50,21.5,83.8667,79.18,86,13,3.29
403,Kirakira,SB,2022-08-29 16:53:50,-10.4544,161.9205,77.72,87,31,9.13
404,Weyburn,CA,2022-08-29 16:53:50,49.6668,-103.8511,64.62,55,0,14.97
405,Dalby,AU,2022-08-29 16:53:51,-27.1833,151.2667,57.97,84,100,1.01
406,Bubaque,GW,2022-08-29 16:53:51,11.2833,-15.8333,78.85,84,100,22.32
407,Itaqui,BR,2022-08-29 16:53:51,-29.1253,-56.5531,59.0,46,47,14.05
408,Goundam,ML,2022-08-29 16:53:51,16.4145,-3.6708,90.32,43,96,7.94
409,Dingle,PH,2022-08-29 16:53:52,10.9995,122.6711,76.71,88,100,3.44
410,Tabuk,PH,2022-08-29 16:53:52,17.4189,121.4443,75.78,93,100,3.29
411,Santa Cruz De La Palma,ES,2022-08-29 16:53:53,28.6835,-17.7642,75.34,60,75,8.05
412,Floro,NO,2022-08-29 16:53:53,61.5996,5.0328,71.24,59,20,9.22
413,Nha Trang,VN,2022-08-29 16:53:03,12.25,109.1833,78.8,88,49,3.65
414,Nanning,CN,2022-08-29 16:53:54,22.8167,108.3167,82.85,85,45,5.17
415,Pokoynoye,RU,2022-08-29 16:54:54,44.8097,44.2517,84.25,30,100,6.04
416,Weihai,CN,2022-08-29 16:54:54,37.5017,122.1136,70.43,82,100,9.35
417,Vuktyl,RU,2022-08-29 16:54:55,63.8567,57.3094,60.8,95,99,13.02
418,Fare,PF,2022-08-29 16:54:55,-16.7,-151.0167,78.31,69,84,12.19
419,Rio Grande,BR,2022-08-29 16:54:55,-32.035,-52.0986,57.31,59,80,9.22
420,Vartej,IN,2022-08-29 16:54:56,21.7333,72.0667,82.53,71,95,3.87
421,Acapulco,MX,2022-08-29 16:52:15,16.8634,-99.8901,83.48,67,98,1.9
422,Mecca,SA,2022-08-29 16:51:58,21.4267,39.8261,94.48,32,5,8.28
423,Kununurra,AU,2022-08-29 16:54:56,-15.7667,128.7333,64.38,77,0,3.44
424,Springbok,ZA,2022-08-29 16:54:57,-29.6643,17.8865,55.63,31,0,16.89
425,Balotra,IN,2022-08-29 16:54:57,25.8333,72.2333,85.33,63,83,4.36
426,Kathu,TH,2022-08-29 16:54:57,7.9178,98.3332,85.69,99,100,3.29
427,Taoudenni,ML,2022-08-29 16:54:58,22.6783,-3.9836,105.75,20,84,13.47
428,Beyneu,KZ,2022-08-29 16:54:58,45.3167,55.2,86.13,22,10,11.18
429,Moranbah,AU,2022-08-29 16:54:58,-22.0016,148.0466,61.48,94,92,12.1
430,Satuk,TR,2022-08-29 16:54:59,41.2263,32.3836,71.17,78,0,0.56
431,Ahipara,NZ,2022-08-29 16:54:59,-35.1667,173.1667,49.89,83,55,9.24
432,Dunedin,NZ,2022-08-29 16:54:51,-45.8742,170.5036,42.8,89,3,3.47
433,Bambous Virieux,MU,2022-08-29 16:54:59,-20.3428,57.7575,68.25,88,40,4.61
434,Orlik,RU,2022-08-29 16:55:00,52.5178,99.825,39.63,79,28,5.5
435,Voh,NC,2022-08-29 16:55:00,-20.9667,164.7,65.12,83,14,5.17
436,Mao,ES,2022-08-29 16:50:12,39.8885,4.2658,82.96,61,0,13.8
437,Rawson,AR,2022-08-29 16:55:00,-43.3002,-65.1023,68.04,19,100,19.39
438,Kashi,CN,2022-08-29 16:55:01,39.4547,75.9797,65.41,77,22,2.24
439,Simpang,ID,2022-08-29 16:55:01,-1.2667,104.0833,74.53,97,100,2.77
440,Surt,LY,2022-08-29 16:55:01,31.2089,16.5887,84.04,61,0,14.54
441,Berlevag,NO,2022-08-29 16:55:02,70.8578,29.0864,46.35,76,100,23.02
442,Aitape,PG,2022-08-29 16:55:02,-3.1374,142.3475,76.55,87,100,4.74
443,Puerto Baquerizo Moreno,EC,2022-08-29 16:55:02,-0.9,-89.6,70.79,78,100,11.5
444,Abu Dhabi,AE,2022-08-29 16:55:03,24.4667,54.3667,93.31,67,0,8.05
445,Parana,AR,2022-08-29 16:55:03,-31.732,-60.5238,63.55,34,0,9.13
446,Boa Vista,BR,2022-08-29 16:52:02,2.8197,-60.6733,85.98,62,40,6.91
447,Severo-Kurilsk,RU,2022-08-29 16:55:03,50.6789,156.125,51.76,96,96,12.75
448,Rosarito,MX,2022-08-29 16:55:04,32.3333,-117.0333,78.64,72,33,8.86
449,Salima,MW,2022-08-29 16:55:04,-13.7804,34.4587,72.97,41,0,3.91
450,Den Helder,NL,2022-08-29 16:55:04,52.9599,4.7593,69.03,77,100,17.0
451,Kedrovyy,RU,2022-08-29 16:55:05,56.1667,91.8167,41.41,97,64,0.25
452,Guerrero Negro,MX,2022-08-29 16:55:02,27.9769,-114.0611,75.2,67,83,11.63
453,Isla Mujeres,MX,2022-08-29 16:55:05,21.2311,-86.731,87.17,68,72,7.87
454,Wajima,JP,2022-08-29 16:55:06,37.4,136.9,75.15,73,100,4.83
455,Teguldet,RU,2022-08-29 16:55:06,57.3064,88.1667,40.8,95,18,2.04
456,Frome,GB,2022-08-29 16:55:07,51.2283,-2.3221,75.02,50,37,1.99
457,Alice Springs,AU,2022-08-29 16:55:08,-23.7,133.8833,45.95,66,0,6.91
458,Loandjili,CG,2022-08-29 16:55:08,-4.7561,11.8578,73.99,81,73,10.89
459,Kotma,IN,2022-08-29 16:55:08,23.2,81.9667,75.85,87,85,3.18
460,Dhidhdhoo,MV,2022-08-29 16:56:09,6.8833,73.1,80.98,80,78,19.93
461,Ovsyanka,RU,2022-08-29 16:56:09,55.9575,92.5519,43.77,94,82,1.9
462,Seguela,CI,2022-08-29 16:56:09,7.9611,-6.6731,79.03,80,68,4.41
463,Rakiv Lis,UA,2022-08-29 16:56:10,51.6217,24.9243,65.41,89,99,10.8
464,Naryan-Mar,RU,2022-08-29 16:56:10,67.6713,53.087,48.31,92,92,5.32
465,Pangkalanbuun,ID,2022-08-29 16:56:11,-2.6833,111.6167,73.99,98,96,2.62
466,Lodwar,KE,2022-08-29 16:56:11,3.1191,35.5973,89.82,31,8,7.99
467,Krasnoturinsk,RU,2022-08-29 16:56:11,59.7666,60.2086,63.36,77,95,5.82
468,Gari,RU,2022-08-29 16:56:12,59.4307,62.3497,63.23,83,35,5.75
469,Seminole,US,2022-08-29 16:56:12,28.7086,-81.2081,91.49,72,100,1.01
470,Besigheim,DE,2022-08-29 16:56:12,48.9833,9.1333,80.62,46,95,8.25
471,Zlobin,HR,2022-08-29 16:56:13,45.2924,14.6541,74.5,51,20,4.61
472,Perevolotskiy,RU,2022-08-29 16:56:13,51.8763,54.1938,76.06,28,92,4.03
473,Isangel,VU,2022-08-29 16:56:13,-19.55,169.2667,72.18,78,99,14.58
474,Aljezur,PT,2022-08-29 16:56:14,37.3191,-8.8033,72.27,60,0,9.66
475,Tianpeng,CN,2022-08-29 16:56:14,30.9866,103.9393,72.07,96,100,3.74
476,Touros,BR,2022-08-29 16:56:14,-5.1989,-35.4608,81.72,64,50,18.41
477,Ligayan,PH,2022-08-29 16:56:15,4.6533,119.4706,83.82,72,100,6.62
478,Altamont,US,2022-08-29 16:56:15,42.2068,-121.7372,72.9,39,99,1.01
479,Rondonopolis,BR,2022-08-29 16:56:15,-16.4708,-54.6356,98.73,15,36,1.95
480,Lufilufi,WS,2022-08-29 16:56:16,-13.8745,-171.5986,69.58,69,18,6.49
481,Puerto Madryn,AR,2022-08-29 16:56:16,-42.7692,-65.0385,68.94,18,99,24.9
482,Lagoa,PT,2022-08-29 16:56:16,39.05,-27.9833,74.32,83,57,10.31
483,Gouyave,GD,2022-08-29 16:56:17,12.1646,-61.7296,82.13,78,97,14.36
484,Cap Malheureux,MU,2022-08-29 16:56:17,-19.9842,57.6142,68.47,78,90,1.99
485,Inongo,CD,2022-08-29 16:56:17,-1.95,18.2667,70.74,86,100,4.21
486,Tucuman,AR,2022-08-29 16:56:18,-26.8241,-65.2226,64.4,24,4,8.05
487,Kieta,PG,2022-08-29 16:56:18,-6.2167,155.6333,78.04,84,100,7.05
488,Taywarah,AF,2022-08-29 16:56:18,33.35,64.4167,58.93,19,0,2.44
489,Mnogovershinnyy,RU,2022-08-29 16:56:19,53.9353,139.9242,48.76,84,2,5.84
490,Santa Maria,BR,2022-08-29 16:53:14,-29.6842,-53.8069,54.7,50,0,11.5
491,Igarka,RU,2022-08-29 16:56:19,67.4667,86.5833,40.5,79,95,9.33
492,Kaeo,NZ,2022-08-29 16:56:19,-35.1,173.7833,50.32,94,41,7.38
493,Pochutla,MX,2022-08-29 16:56:20,15.7432,-96.4661,86.83,54,48,7.9
494,Zeya,RU,2022-08-29 16:56:20,53.75,127.2667,54.82,97,100,3.49
495,Suntar,RU,2022-08-29 16:56:20,62.1444,117.6319,40.91,92,63,8.19
496,Tongling,CN,2022-08-29 16:56:21,30.95,117.7833,74.34,90,93,5.41
497,Kasongo,CD,2022-08-29 16:56:21,-4.45,26.6667,73.44,76,86,4.03
498,Mvuma,ZW,2022-08-29 16:56:21,-19.2792,30.5283,66.61,25,0,8.25
499,Port Blair,IN,2022-08-29 16:56:22,11.6667,92.75,82.44,83,40,2.3
500,Cordoba,AR,2022-08-29 16:52:13,-31.4135,-64.1811,65.43,20,0,16.11
501,Arroyo,ES,2022-08-29 16:51:43,41.6096,-4.7969,82.44,41,20,3.44
502,Barra Do Garcas,BR,2022-08-29 16:51:49,-15.89,-52.2567,97.38,17,0,9.22
503,Atbasar,KZ,2022-08-29 16:56:22,51.8,68.3333,65.55,35,1,3.38
504,Bertoua,CM,2022-08-29 16:56:22,4.5833,13.6833,70.57,91,73,1.32
505,Lata,PT,2022-08-29 16:57:23,40.1629,-8.3327,72.81,45,11,10.16
506,Vardo,NO,2022-08-29 16:56:17,70.3705,31.1107,46.38,76,100,25.32
507,Marawi,PH,2022-08-29 16:53:55,7.9986,124.2928,68.95,92,99,1.92
508,Nyurba,RU,2022-08-29 16:57:23,63.2842,118.3319,39.7,95,32,6.46
509,Goderich,CA,2022-08-29 16:57:24,43.7501,-81.7165,80.91,88,92,13.8
510,Diffa,NE,2022-08-29 16:57:24,13.3154,12.6113,88.18,50,21,6.42
511,Mogadishu,SO,2022-08-29 16:57:24,2.0371,45.3438,76.19,83,1,17.78
512,Port-Cartier,CA,2022-08-29 16:57:24,50.0334,-66.8654,73.08,52,92,12.57
513,Ambilobe,MG,2022-08-29 16:54:22,-13.2,49.05,71.94,78,60,4.5
514,Mount Isa,AU,2022-08-29 16:53:44,-20.7333,139.5,67.77,94,100,10.36
515,Muli,MV,2022-08-29 16:57:25,2.9167,73.5667,80.53,80,92,17.05
516,Otukpo,NG,2022-08-29 16:57:25,7.1913,8.1329,73.67,94,99,2.1
517,Antalaha,MG,2022-08-29 16:56:15,-14.9003,50.2788,69.67,91,29,5.84
518,Tromso,NO,2022-08-29 16:57:26,69.6496,18.957,47.37,87,75,8.05
519,Sayyan,YE,2022-08-29 16:57:26,15.1718,44.3244,68.92,30,70,10.69
520,Vila Velha,BR,2022-08-29 16:57:26,-20.3297,-40.2925,73.35,87,40,20.71
521,Lokoja,NG,2022-08-29 16:56:37,7.8024,6.743,76.95,91,96,2.13
522,Valparaiso,CL,2022-08-29 16:54:05,-33.0393,-71.6273,62.01,89,100,11.5
523,Namtsy,RU,2022-08-29 16:57:27,62.7161,129.6658,48.74,94,100,7.72
524,Constantine,DZ,2022-08-29 16:57:27,36.365,6.6147,89.01,33,75,13.8
525,Pushkar,IN,2022-08-29 16:57:27,26.5,74.55,82.78,61,100,3.06
526,Stromness,GB,2022-08-29 16:57:28,58.965,-3.296,55.36,78,86,8.01
527,Ongandjera,NA,2022-08-29 16:57:28,-17.8833,15.0667,78.26,15,18,3.96
528,Alizai,PK,2022-08-29 16:57:29,33.5383,70.3462,80.71,62,8,0.58
529,Dodola,ET,2022-08-29 16:57:29,6.9833,39.1833,54.34,87,50,3.53
530,Pampa,US,2022-08-29 16:57:29,35.5362,-100.9599,89.19,51,0,10.36
531,Ayan,RU,2022-08-29 16:57:29,56.45,138.1667,55.78,67,10,5.44
532,Batouri,CM,2022-08-29 16:57:30,4.4333,14.3667,71.58,90,60,3.09
533,Yumen,CN,2022-08-29 16:57:30,40.2833,97.2,68.86,21,42,2.68
534,Tucuma,BR,2022-08-29 16:57:30,-0.1833,-50.05,89.11,54,57,6.78
535,Gizo,SB,2022-08-29 16:57:31,-8.103,156.8419,80.96,78,84,8.63
536,Marion,US,2022-08-29 16:57:31,39.7684,-86.1555,87.58,74,75,13.8
537,Great Yarmouth,GB,2022-08-29 16:57:31,52.6083,1.7305,65.95,67,76,15.57
538,Gwadar,PK,2022-08-29 16:57:32,25.1216,62.3254,80.49,79,21,7.38
539,Kuybysheve,UA,2022-08-29 16:57:32,47.358,36.6491,78.64,27,0,8.55
540,Beitbridge,ZW,2022-08-29 16:57:32,-22.2167,30.0,79.93,22,0,8.28
541,Andenes,NO,2022-08-29 16:57:33,69.3143,16.1194,49.98,81,75,5.75
542,Ortakoy,TR,2022-08-29 16:57:33,38.7373,34.0387,84.45,26,0,4.12
543,Tiruvidaimarudur,IN,2022-08-29 16:57:33,10.996,79.4521,82.02,78,62,5.79
544,Mount Gambier,AU,2022-08-29 16:57:34,-37.8333,140.7667,53.51,94,100,19.57
545,Labuhan,ID,2022-08-29 16:57:34,-6.8844,112.2051,77.0,79,84,11.01
546,Praia Da Vitoria,PT,2022-08-29 16:57:34,38.7333,-27.0667,79.05,78,75,5.12
547,Privolzhye,RU,2022-08-29 16:57:35,52.8649,48.6044,81.0,25,89,9.51
548,Bela,IN,2022-08-29 16:57:35,25.9333,81.9833,84.87,70,67,5.21
549,Balkhash,KZ,2022-08-29 16:57:35,46.844,74.9804,70.59,35,0,11.79
550,Xinyu,CN,2022-08-29 16:57:35,27.8043,114.9334,80.02,87,100,2.26
551,Mulege,MX,2022-08-29 16:57:36,26.8833,-111.9833,89.01,59,89,5.53
552,Gediz,TR,2022-08-29 16:57:36,39.0417,29.41,77.58,46,31,7.61
553,Sjovegan,NO,2022-08-29 16:58:37,68.8726,17.8474,53.2,87,100,3.78
554,Umm Lajj,SA,2022-08-29 16:58:37,25.0213,37.2685,88.38,68,5,3.94
555,Namli,IN,2022-08-29 16:58:37,23.4333,75.05,76.15,78,99,2.46
556,Macklin,CA,2022-08-29 16:58:37,52.3334,-109.9348,68.34,42,5,6.69
557,Tazovskiy,RU,2022-08-29 16:58:38,67.4667,78.7,38.71,72,25,6.22
558,Kudahuvadhoo,MV,2022-08-29 16:58:38,2.6708,72.8944,81.54,75,100,20.38
559,Oriximina,BR,2022-08-29 16:58:38,-1.7656,-55.8661,93.45,40,26,7.96
560,Ostrovnoy,RU,2022-08-29 16:58:39,68.0531,39.5131,47.93,80,86,29.39
561,Vaasa,FI,2022-08-29 16:58:39,63.096,21.6158,60.3,72,0,10.36
562,Sanok,PL,2022-08-29 16:53:54,49.5557,22.2056,70.27,100,76,1.97
563,Sault Sainte Marie,CA,2022-08-29 16:56:35,46.5168,-84.3333,71.42,100,100,5.75
564,Bunia,CD,2022-08-29 16:55:11,1.5667,30.25,65.43,86,60,2.21
565,West Wendover,US,2022-08-29 16:58:39,40.7391,-114.0733,80.02,18,0,2.3
566,Camopi,GF,2022-08-29 16:58:40,3.1655,-52.3158,93.27,40,40,4.32
567,Zhezkazgan,KZ,2022-08-29 16:58:40,47.8043,67.7144,75.52,20,0,10.76
568,Newport,GB,2022-08-29 16:58:41,51.5877,-2.9984,74.44,50,28,14.27
569,Santiago,CL,2022-08-29 16:57:33,-33.4569,-70.6483,83.55,23,0,1.14
570,Kota Belud,MY,2022-08-29 16:58:41,6.351,116.4305,76.41,89,48,4.29
571,Kindia,GN,2022-08-29 16:58:41,10.0569,-12.8658,70.63,96,100,2.95
572,Januaria,BR,2022-08-29 16:58:42,-15.4833,-44.3667,92.98,19,25,7.85
573,Seabra,BR,2022-08-29 16:58:42,-12.4186,-41.7703,84.22,28,36,9.86
574,Byron Bay,AU,2022-08-29 16:58:42,-28.65,153.6167,57.94,82,93,7.11
575,Alice Town,BS,2022-08-29 16:58:42,25.7167,-79.3,85.1,72,78,17.47
576,Inskoy,RU,2022-08-29 16:58:43,54.4297,86.44,55.71,60,49,6.44
577,Haines Junction,CA,2022-08-29 16:58:43,60.7522,-137.5108,46.35,93,100,0.0
578,Bobrovka,RU,2022-08-29 16:58:43,54.047,61.7455,72.99,42,99,1.81
579,Wadi Maliz,TN,2022-08-29 16:58:44,36.4681,8.5495,100.06,21,15,8.81
